id,poller_id,site_id,host_template_id,description,hostname,location,notes,external_id,snmp_community,snmp_version,snmp_username,snmp_password,snmp_auth_protocol,snmp_priv_passphrase,snmp_priv_protocol,snmp_context,snmp_engine_id,snmp_port,snmp_timeout,snmp_sysDescr,snmp_sysObjectID,snmp_sysUpTimeInstance,snmp_sysContact,snmp_sysName,snmp_sysLocation,availability_method,ping_method,ping_port,ping_timeout,ping_retries,max_oids,bulk_walk_size,device_threads,deleted,disabled,monitor,monitor_text,monitor_criticality,monitor_warn,monitor_alert,monitor_icon,thold_send_email,thold_host_email,thold_failure_count,status,status_event_count,status_fail_date,status_rec_date,status_last_error,min_time,max_time,cur_time,avg_time,polling_time,total_polls,failed_polls,availability,last_updated,graphs,data_sources,instate
78,1,1,0,"Azure - DEVDB - 10.0.0.10",10.0.0.10,,,,public,0,,,,,,,,161,1000,,,0,,,,3,1,23,400,3,10,0,1,,,on,,0,0,0,server,1,0,0,3,0,"2026-07-01 07:12:04","2026-07-01 02:40:04","ICMP: Ping timed out",0.04888,395.72906,30.05981,23.26614,2.36,324849,144109,55.63820,"2026-07-01 07:42:06",1,1,18177
76,1,1,0,"AZURE - KIATVNET",137.116.138.130,,,,public,0,,,,,,,,161,1000,,,0,,,,3,1,23,400,3,10,0,1,,,on,,0,0,0,server,1,0,0,3,0,"2026-07-01 07:28:04","2026-06-30 14:10:03","ICMP: Ping timed out",0.03409,164.07299,21.96097,15.80906,1.614,326228,4071,98.75210,"2026-07-01 07:42:05",1,1,63178
41,1,4,24,Bacbone-1-Balikpapan-(R-ADMIN),192.192.1.2,BALIKPAPAN,,,public,0,,,,,,,,161,1000,,,0,,,,3,1,23,1000,3,10,15,1,,,on,,0,0,0,server,1,0,0,3,0,"2026-07-01 06:08:08","2026-06-30 16:24:04","ICMP: Ping timed out",0.04601,993.26801,44.83199,38.38044,17.429,385749,15871,95.88570,"2026-07-01 07:42:22",21,26,55137
54,1,1,24,Bacbone-1-LT2-Semarang,192.197.53.220,SEMARANG,,,public,0,,,,,,,,161,1000,,,0,,,,3,1,23,400,3,10,15,1,,,on,,0,0,0,server,1,0,0,3,0,"2026-07-01 03:45:03","2026-06-30 16:24:03","ICMP: Ping timed out",0.00000,374.87388,26.18384,19.57598,0.095,381973,15947,95.82510,"2026-07-01 07:42:03",11,18,55138
42,1,4,24,"Bacbone-2-Balikpapan-(LANTAI 2) ",192.192.1.3,BALIKPAPAN,,,public,0,,,,,,,,161,1000,,,0,,,,3,1,23,1000,3,10,15,1,,,on,,0,0,0,server,1,0,0,3,0,"2026-07-01 05:24:14","2026-06-30 16:23:20","ICMP: Ping timed out",0.03099,949.90683,48.85507,38.95937,17.206,385714,16991,95.59490,"2026-07-01 07:42:22",11,18,55181
43,1,4,24,"Bacbone-3-Balikpapan-(LANTAI 3)",192.192.1.4,BALIKPAPAN,,,public,0,,,,,,,,161,1000,,,0,,,,3,1,23,1000,3,10,15,1,,,on,,0,0,0,server,1,0,0,3,0,"2026-07-01 05:24:18","2026-06-30 16:23:20","ICMP: Ping timed out",0.03195,992.58089,44.57808,40.36071,11.675,385693,17207,95.53870,"2026-07-01 07:42:22",11,18,55181
53,1,8,0,Bacbone-3-Semarang-(R-ADMIN),192.197.53.222,SEMARANG,,,public,0,,,,,,,,161,1000,,,0,,,,3,1,23,400,3,10,15,1,,,on,,0,0,0,server,1,0,0,3,0,"2026-07-01 06:25:04","2026-06-30 16:24:03","ICMP: Ping timed out",0.03409,398.60392,26.16405,19.42541,0.365,382227,16996,95.55340,"2026-07-01 07:42:03",11,18,55138
44,1,4,24,Bacbone-4-Balikpapan-Battery,192.192.1.5,BALIKPAPAN,,,public,0,,,,,,,,161,1000,,,0,,,,3,1,23,1000,3,10,15,1,,,on,,0,0,0,server,1,0,0,3,0,"2026-07-01 06:32:26","2026-06-30 16:23:20","ICMP: Ping timed out",0.03314,990.50093,44.59906,39.16156,0.066,385697,17297,95.51540,"2026-07-01 07:42:22",11,18,55181
28,1,0,21,"Bekasi - Router Public ISP Quantum - Segment - 1",103.245.16.233,,"Router QUANTUM BEKASI SEGMENT 1",,public,2,,,,,,,,161,1000,"RouterOS CCR1036-12G-4S",iso.3.6.1.4.1.14988.1,868304900,,"Router Distribusi GPS 103.24.106.170",,4,1,23,400,3,10,15,2,,on,on,,0,0,0,cloud,1,0,0,0,0,"0000-00-00 00:00:00","0000-00-00 00:00:00",,0.00000,390.02609,0.54002,1.42410,0.284,257201,0,100.00000,"2026-03-30 03:04:09",52,52,15432060
25,1,1,21,"Bekasi - Router Public ISP Quantum - Segment - 2",103.75.52.177,,"Router ISP Quantum BEKASI SEGMENT 2",,public,2,,,,,,,,161,1000,"RouterOS CCR1036-12G-4S",iso.3.6.1.4.1.14988.1,868304900,,"Router Distribusi GPS 103.24.106.170",,2,1,23,400,3,10,10,2,,on,on,,0,0,0,server,1,0,0,0,0,"2026-03-08 04:10:06","2026-03-08 04:30:02","Device did not respond to SNMP",0.82111,3023.59104,5.39303,14.98969,0.254,257211,239,99.90710,"2026-03-30 03:04:09",83,62,9947579
49,1,4,0,CS_1-AREA-DISTRIBUSI-6_BPP,192.192.1.13,BALIKPAPAN,,,public,0,,,,,,,,161,1000,,,0,,,,3,1,23,1000,3,10,0,1,,,on,,0,0,0,server,1,0,0,3,0,"2026-07-01 05:24:10","2026-07-01 03:08:06","ICMP: Ping timed out",0.04196,920.23110,40.16089,58.85891,0.108,383690,14714,96.16510,"2026-07-01 07:42:07",,,16495
50,1,4,0,CS1_AREA-DISTRIBUSI_5-BPP,192.192.1.18,BALIKPAPAN,,,public,0,,,,,,,,161,1000,,,0,,,,3,1,23,1000,3,10,0,1,,,on,,0,0,0,server,1,0,0,3,0,"2026-07-01 05:24:15","2026-07-01 03:06:06","ICMP: Ping timed out",0.03600,846.86899,46.47708,62.90076,0.078,383691,17698,95.38740,"2026-07-01 07:42:07",,,16615
58,1,1,0,"Distribusi_1 Sw Palu",192.197.67.4,PALU,,,public,0,,,,,,,,161,1000,,,0,,,,3,1,23,400,3,10,0,1,,,on,,0,0,0,server,1,0,0,3,0,"2026-07-01 04:09:07","2026-06-30 23:38:05","ICMP: Ping timed out",0.02098,399.94812,39.27112,51.30010,0.097,381376,49655,86.98000,"2026-07-01 07:42:07",,,29096
59,1,1,0,"Distribusi_2 SW Palu",192.197.67.4,PALU,,,public,0,,,,,,,,161,1000,,,0,,,,3,1,23,400,3,10,0,1,,,on,,0,0,0,server,1,0,0,3,0,"2026-07-01 06:40:06","2026-06-30 23:38:06","ICMP: Ping timed out",0.02289,399.66798,39.44802,49.56629,0.048,381382,50874,86.66060,"2026-07-01 07:42:07",,,29095
52,1,4,0,DISTRIBUSI-8_OFFBLK-BPP,192.192.1.50,BALIKPAPAN,,,public,0,,,,,,,,161,1000,,,0,,,,3,1,23,1000,3,10,0,1,,,on,,0,0,0,server,1,0,0,3,0,"2026-07-01 05:24:07","2026-06-30 16:23:15","ICMP: Ping timed out",0.03481,810.60386,45.40300,55.41350,0.924,383707,14789,96.14580,"2026-07-01 07:42:06",,,55186
48,1,4,0,DISTRIBUSI4_UNLOADING_BPP,192.192.1.12,BALIKPAPAN,,,public,0,,,,,,,,161,1000,,,0,,,,3,1,23,1000,3,10,0,1,,,on,,0,0,0,server,1,0,0,3,0,"2026-07-01 06:32:09","2026-06-30 16:24:08","ICMP: Ping timed out",0.03099,871.49000,46.19884,62.02872,0.078,383666,16297,95.75230,"2026-07-01 07:42:07",,,55133
47,1,4,0,DRY-LT1-DISTRIBUSI_3-BPP,192.192.1.10,,,,public,0,,,,,,,,161,1000,,,0,,,,3,1,23,1000,3,10,0,1,,,on,,0,0,0,server,1,0,0,3,0,"2026-07-01 06:33:07","2026-06-30 16:24:08","ICMP: Ping timed out",0.03004,723.60396,45.86697,54.47029,0.104,383654,13110,96.58290,"2026-07-01 07:42:07",,,55133
46,1,4,0,DRY-LT1-DISTRIBUSI2_BPP,192.192.1.11,BALIKPAPAN,,,public,0,,,,,,,,161,1000,,,0,,,,3,1,23,1000,2,10,0,1,,,on,,0,0,0,server,1,0,0,3,0,"2026-07-01 05:24:07","2026-06-30 16:24:08","ICMP: Ping timed out",0.03600,588.34386,212.51702,58.59949,0.264,378331,13166,96.52000,"2026-07-01 07:42:07",,,55133
26,1,1,17,"GW - Makassar - ASTINET",36.95.240.122,MAKASSAR,,,public,2,,,,,,,,161,1000,,,0,,,,3,1,23,400,3,10,5,1,,on,on,,0,0,0,server,1,0,0,0,1041,"2026-03-19 13:23:04","2026-03-19 07:28:02","ICMP: Ping timed out",0.00000,399.30105,25.00296,40.21320,1.625,244372,9231,96.22260,"2026-03-20 06:43:46",29,29,8986499
79,1,1,24,"GW - P5 - Quantum",103.245.16.235,P5,,,public,2,,,,,,,,161,1000,,,0,,,,3,1,23,400,3,10,5,1,,,on,,0,0,0,server,1,0,0,3,0,"2026-06-08 10:58:03","2026-03-08 04:30:02","ICMP: Ping timed out",0.02599,155.20597,0.47088,0.79540,0.214,264583,117,99.95580,"2026-07-01 07:42:02",19,26,9947579
80,1,1,0,"GW - P5 - Remala",101.255.56.182,P5,,,public,2,,,,,,,,161,1000,,,0,,,,3,1,23,400,3,10,5,1,,,on,,0,0,0,server,1,0,0,3,0,"2026-06-30 15:34:06","2026-07-01 06:25:06","ICMP: Ping timed out",0.03600,316.11395,4.94909,12.00289,0.06,264564,7202,97.27780,"2026-07-01 07:42:07",,,4675
27,1,1,21,"GW - P6 - REMALA_Link Backup",115.124.65.131,P6,,,public,2,,,,,,,,161,1000,,,0,,,,3,1,23,400,3,10,5,1,,,on,,0,0,0,server,1,0,0,3,0,"2026-07-01 06:42:06","2026-07-01 03:08:03","ICMP: Ping timed out",0.00000,339.02502,13.33809,3.86087,20.123,388352,4099,98.94450,"2026-07-01 07:42:27",29,29,16498
1,1,0,20,"Local Linux Machine",localhost,,"Initial Cacti Device",,public,2,,,,,,,,161,1000,"Linux ubuntu 6.8.0-124-generic #124-Ubuntu SMP PREEMPT_DYNAMIC Tue May 26 13:00:45 UTC 2026 x86_64",iso.3.6.1.4.1.8072.3.2.10,18960100,"Me <me@example.org>",ubuntu,"Sitting on the Dock of the Bay",4,1,23,400,1,10,-1,1,,,on,,0,0,0,,1,,0,3,0,"0000-00-00 00:00:00","0000-00-00 00:00:00",,0.00000,0.00000,0.00000,0.00000,0.703,388504,0,100.00000,"2026-07-01 07:42:18",7,13,23310240
6,1,21,21,"Mikrotik - Bali - R243",192.168.243.253,BALI,,,public,2,,,,,,,,161,1000,"RouterOS RB1100Dx4",iso.3.6.1.4.1.14988.1,449135200,R-243-BALI,R-243-BALI,"NUSA DUA BALI",4,1,23,400,3,10,15,1,,,on,,0,0,0,server,1,0,0,3,0,"2025-10-26 08:37:05","0000-00-00 00:00:00","Device did not respond to SNMP",0.00000,3029.25611,40.61604,29.24739,1.469,388411,10,99.99740,"2026-07-01 07:42:18",14,14,23304660
15,1,4,21,"Mikrotik - Balikpapan - GW - R208",192.168.208.253,BALIKPAPAN,,,public,2,,,,,,,,161,1000,"RouterOS RB4011iGS+",iso.3.6.1.4.1.14988.1,78205700,"R-208 DEPOT BALIK PAPAN","R.208 BALIKPAPAN",KAG-BALIKPAPAN,1,1,23,400,3,10,15,1,,,on,,0,0,0,server,1,0,0,3,0,"2026-07-01 05:24:02","2026-06-30 16:24:02","SNMP not performed due to setting or ping result, ICMP: Ping timed out",0.00000,1632.02298,44.55292,30.72473,14.798,388382,607,99.84370,"2026-07-01 07:42:17",63,58,55139
45,1,4,21,"Mikrotik - Balikpapan - SW Core",192.192.1.1,BALIKPAPAN,,,public,2,,,,,,,,161,1000,"RouterOS CRS326-24G-2S+",iso.3.6.1.4.1.14988.1,111624000,CORE-SW-BPP,SW-CORE-BPP,Balikpapan,1,1,23,400,1,10,15,2,,,on,,0,0,0,server,1,0,0,3,0,"2026-07-01 05:24:03","2026-06-30 16:24:02","SNMP not performed due to setting or ping result, ICMP: Ping timed out",0.00000,1588.27305,45.58051,34.99985,2.635,385758,429,99.88880,"2026-07-01 07:42:05",41,47,55139
23,1,1,21,"Mikrotik - Banjarmasin - R210",192.168.210.253,BANJARMASIN,,,public,2,,,,,,,,161,1000,"RouterOS RB4011iGS+",iso.3.6.1.4.1.14988.1,739100,R-210-BANJARMASIN,"R.210 BANJARMASIN",,3,1,23,400,3,10,10,1,,,on,,0,0,0,server,1,0,0,3,0,"2026-07-01 07:22:04","2026-07-01 02:04:02","ICMP: Ping timed out",0.00000,1063.93695,24.61386,30.75724,5.15,388383,18512,95.23360,"2026-07-01 07:42:07",50,46,20339
20,1,1,21,"Mikrotik - BATAM - R201",192.168.201.253,BATAM,,,public,2,,,,,,,,161,1000,"RouterOS RB4011iGS+",iso.3.6.1.4.1.14988.1,915688900,"R -201 KAG BATAM","R-201 RELOKASI BATAM","KAG BATAM",4,1,23,400,3,10,10,1,,,on,,0,0,0,server,1,0,0,3,0,"2025-09-08 04:55:29","2025-09-08 05:05:26","Device did not respond to SNMP",0.00000,1555.31502,14.99391,23.36874,20.912,388346,11,99.99720,"2026-07-01 07:42:28",21,21,25583855
31,1,5,21,"Mikrotik - GW - Bekasi - Wh-100 - R222",192.168.222.253,P5-L2-R.SERVER,,,public,2,,,,,,,,161,1000,"RouterOS RB1100x4",iso.3.6.1.4.1.14988.1,30930800,R-222,Router_222-P5,KAG-BEKASI-R-222,4,1,23,400,3,10,10,2,,,on,,0,0,0,network-wired,1,0,0,3,0,"0000-00-00 00:00:00","0000-00-00 00:00:00",,0.00000,224.63894,0.44203,1.43939,0.296,388380,0,100.00000,"2026-07-01 07:42:02",51,33,23302800
30,1,1,21,"Mikrotik - GW - Muarabaru - Quantum - RAS",103.245.17.113,MUARABARU,,,public,2,,,,,,,,161,1000,"RouterOS CCR1036-8G-2S+",iso.3.6.1.4.1.14988.1,1176406600,,"anto new router (PARENT UTAMA ANTO) 103.106.76.30",,4,1,23,400,3,10,10,2,,,on,,0,0,0,server,1,0,0,3,0,"0000-00-00 00:00:00","0000-00-00 00:00:00",,0.00000,388.24701,19.78898,3.51608,4.909,388378,0,100.00000,"2026-07-01 07:42:07",31,31,23302680
32,1,1,21,"Mikrotik - GW - P12 - Smart A - R172 - DRC - A",172.20.4.1,P12,,,public,2,,,,,,,,161,1000,"RouterOS RB1100x4",iso.3.6.1.4.1.14988.1,2711734200,R-171-WEB-SERV-CILEUNGSI-KAG,Router-172-P12,P12-CILEUNGSI,4,1,23,400,3,10,10,2,,,on,,0,0,0,server,1,0,0,3,0,"0000-00-00 00:00:00","0000-00-00 00:00:00",,0.00000,357.29623,0.33283,1.09864,0.241,388381,0,100.00000,"2026-07-01 07:42:02",13,32,23302860
29,1,1,21,"Mikrotik - GW - Tambaksawah - Quantum - R242",103.245.19.137,SBY-TAMBAKSAWAH,,,public,2,,,,,,,,161,1000,"RouterOS RB1100x4",iso.3.6.1.4.1.14988.1,75406100,R-242-KAG-TAMBAK-SAWAH,"R-242-SBY-TAMBAK SAWAH","SURABAYA-TAMBAK SAWAH",2,1,23,400,3,10,20,1,,,on,,0,0,0,server,1,0,0,3,0,"2026-07-01 06:32:06","2026-06-18 23:53:02","Device did not respond to SNMP",9.99999,4003.18599,34.06215,325.89111,5.14,310436,3046,99.01880,"2026-07-01 07:42:07",29,22,1064999
82,1,1,17,"Mikrotik - Makassar - R237 (Pattene)",192.168.237.253,MAKASSAR,,,public,2,,,,,,,,161,1000,,,0,,,,3,1,23,400,1,10,15,1,,,on,,0,0,0,server,1,0,0,3,0,"2026-07-01 05:26:03","2026-06-30 16:24:03","ICMP: Ping timed out",0.05293,355.25084,38.34891,33.87933,0.194,137600,1598,98.83870,"2026-07-01 07:42:03",3,3,55138
24,1,1,21,"Mikrotik - Makassar - R239",192.168.239.253,MAKASSAR,,,public,2,,,,,,,,161,1000,"RouterOS RB3011UiAS",iso.3.6.1.4.1.14988.1,1129900,R-239,R-239-MAKASSAR,MAKASSAR,4,1,23,400,3,10,10,1,,on,on,,0,0,0,server,1,0,0,0,0,"2025-09-09 21:20:53","2025-09-09 21:30:47","Device did not respond to SNMP",0.00000,1563.09986,0.00000,39.23437,7.086,250390,17,99.99320,"2026-03-25 15:39:44",6,6,25438334
37,1,1,21,"Mikrotik - Manado",192.168.209.253,MANADO,,,public,2,,,,,,,,161,1000,"RouterOS RB4011iGS+",iso.3.6.1.4.1.14988.1,630108600,"R-209 MANADO","R.209 MANADO",,4,1,23,400,3,10,15,1,,,on,,0,0,0,server,1,0,0,3,0,"0000-00-00 00:00:00","0000-00-00 00:00:00",,0.00000,397.08114,50.95887,51.25177,19.687,388337,0,100.00000,"2026-07-01 07:42:22",38,38,23300220
38,1,1,17,"Mikrotik - Medan - R212",192.168.212.253,MEDAN,,,public,2,,,,,,,,161,1000,"RouterOS CCR1009-7G-1C-1S+",iso.3.6.1.4.1.14988.1,51698300,"R-212 MEDAN","R-212 MEDAN","KAG MEDAN",4,1,23,400,3,10,20,2,,,on,,0,0,0,server,1,0,0,3,0,"0000-00-00 00:00:00","0000-00-00 00:00:00",,0.00000,399.73903,29.23489,27.39696,0.955,388342,0,100.00000,"2026-07-01 07:42:05",17,16,23300520
4,1,15,17,"Mikrotik - Muara Baru - R240-KAG-RAS",192.168.240.253,MUARABARU,,,public,2,,,,,,,,161,1000,"RouterOS RB1100x4",iso.3.6.1.4.1.14988.1,47947000,R-240-RAS,ROUTER-240-PBN,"Muara Baru",4,1,23,400,3,10,15,1,,,on,,0,0,0,server,1,0,0,3,0,"2025-10-19 10:15:14","2025-10-19 07:17:10","Device did not respond to SNMP",0.00000,2006.39391,17.26794,4.55035,1.223,388368,42,99.98920,"2026-07-01 07:42:18",9,9,22033551
16,1,3,17,"Mikrotik - P12 - R206-TIS",192.168.206.253,P12-TIS,,,public,2,,,,,,,,161,1000,"RouterOS RB4011iGS+",iso.3.6.1.4.1.14988.1,3368296400,R-206,R-206-TIS,TIS-CILEUNGSI,2,1,23,400,3,10,10,1,,,on,,0,0,0,server,1,0,0,3,0,"2026-03-08 04:08:58","2026-03-08 04:30:24","Device did not respond to SNMP",0.40603,3006.70505,3.71790,3.88549,20.037,388194,111,99.97140,"2026-07-01 07:42:27",14,12,9947557
14,1,3,21,"Mikrotik - P12 - R221-6 Distribusi Scan AS",192.168.221.6,P12-R_DISTRIBUSI_SCAN,,,public,2,,,,,,,,161,1000,"RouterOS RB1100x4",iso.3.6.1.4.1.14988.1,64774500,"ROUTER DISTRIBUSI SCAN",P12-R-WIFI,"AS CILEUNGSI",2,1,23,400,3,10,10,1,,,on,,0,0,0,server,1,0,0,3,0,"2026-06-23 19:12:12","2026-06-24 03:59:10","Device did not respond to SNMP",0.27514,3670.06588,1.24407,14.82982,0.956,388258,644,99.83410,"2026-07-01 07:42:19",11,9,618231
2,1,3,21,"Mikrotik - P12 - R221-AS",192.168.221.253,P12,,,public,2,,,,,,,,161,1000,"RouterOS RB1100x4",iso.3.6.1.4.1.14988.1,876972000,,"Router 221_P12",R-221-CILEUNGSI,3,1,23,400,3,10,-1,2,,,on,,0,0,0,server,1,0,0,3,0,"2026-03-08 04:10:05","2026-03-08 04:30:02","Device did not respond to SNMP",0.01287,2158.99491,0.30994,8.17124,1.05,388448,108,99.97220,"2026-07-01 07:42:03",42,32,9947579
3,1,3,21,"Mikrotik - P12 - R234-KAG-CILEUNGSI ",192.168.234.253,P12,,,public,2,,,,,,,,161,1000,"RouterOS RB2011UiAS",iso.3.6.1.4.1.14988.1,1791194500,R-234-KAG-CILEUNGSI,Router234-P12,"PANGKALAN 12-CILEUNGSI",2,1,23,400,3,10,5,2,,,on,,0,0,0,server,1,0,0,3,0,"2026-03-08 04:09:46","2026-03-08 04:30:11","Device did not respond to SNMP",0.68712,2034.15084,6.20389,7.11715,14.631,388407,318,99.91810,"2026-07-01 07:42:18",27,18,9947570
21,1,1,17,"Mikrotik - P3 - R203 - MKA",103.245.17.148,P3-MKA,"103.245.17.148 => Quantum  192.168.203.253",,public,2,,,,,,,,161,1000,"RouterOS RB1100x4",iso.3.6.1.4.1.14988.1,43427200,"E-203 MKA P3","R-203 MKA-P3","PANGKALAN 3",2,1,23,400,3,10,1,1,,,on,,0,0,0,server,1,0,0,3,0,"2026-06-30 04:17:10","2026-06-30 14:08:02","Device did not respond to SNMP",1.08314,3296.20481,5.95999,15.48480,5.186,388379,1337,99.65570,"2026-07-01 07:42:07",24,20,63299
34,1,1,17,"Mikrotik - P5 - Distribusi AP Learning Center",192.168.222.61,P5,,,public,2,,,,,,,,161,1000,"RouterOS RB450Gx4",iso.3.6.1.4.1.14988.1,104652200,"DISTRIBUSI AP LEARNING CENTER","DISTRIBUSI AP LEARNING CENT",KAG-P5-BEKASI,4,1,23,400,3,10,10,1,,,on,,0,0,0,server,1,0,0,3,0,"0000-00-00 00:00:00","0000-00-00 00:00:00",,0.00000,109.39503,0.58508,1.05467,17.258,388241,0,100.00000,"2026-07-01 07:42:22",6,4,23294460
33,1,1,17,"Mikrotik - P5 - DISTRIBUSI AP SCAN WH-100",192.168.222.68,P5,,,public,2,,,,,,,,161,1000,"RouterOS RB750r2",iso.3.6.1.4.1.14988.1,1613391900,"DISTRIBUSI AP SCAN-P5","DISTRIBUSI-AP SCAN-P5",BEKASI,4,1,23,400,3,10,10,1,,,on,,0,0,0,server,1,0,0,3,0,"0000-00-00 00:00:00","0000-00-00 00:00:00",,0.00000,107.63001,0.00000,1.34864,5.666,388238,0,100.00000,"2026-07-01 07:42:10",10,8,23294280
60,1,5,21,"Mikrotik - P5 - SMART",103.245.16.234,P5-L2-R.SERVER,,,public,2,,,,,,,,161,1000,"RouterOS CCR1009-7G-1C-1S+",iso.3.6.1.4.1.14988.1,2805952700,,"DRC B-SMART","R-171-BEKASI-PUB ALOKASI",4,1,23,400,3,10,10,1,,,on,,0,0,0,server,1,0,0,3,0,"0000-00-00 00:00:00","0000-00-00 00:00:00",,0.00000,126.96004,0.59605,1.11890,0.279,380003,0,100.00000,"2026-07-01 07:42:02",23,23,22800180
22,1,1,21,"Mikrotik - P5 - Switch-Public-ip Distribusi",171.21.4.195,P5,,,public,2,,,,,,,,161,1000,"RouterOS CRS326-24G-2S+",iso.3.6.1.4.1.14988.1,3478575100,"SW-DISTRIBUSI-PUB P5","PUB-DISTRIBUSI_SW P5",BEKASI-KAG,4,1,23,400,3,10,15,2,,,on,,0,0,0,server,1,0,0,3,0,"0000-00-00 00:00:00","0000-00-00 00:00:00",,0.00000,102.57506,0.63705,1.17803,20.137,388320,0,100.00000,"2026-07-01 07:42:27",16,15,23299200
9,1,1,21,"Mikrotik - P6 - R228 - Fase 3",192.168.228.253,P6-3,,,public,2,,,,,,,,161,1000,"RouterOS RB1100Dx4",iso.3.6.1.4.1.14988.1,55203200,"R-228 FH 3","R.228 P6F3","PANGKALAN 6 BEKASI",2,1,23,400,3,10,15,2,,,on,,0,0,0,server,1,0,0,3,0,"2026-06-18 06:32:13","2026-06-18 02:51:07","Device did not respond to SNMP",0.38385,2115.35501,4.34303,6.70082,0.951,388403,399,99.89730,"2026-07-01 07:42:18",17,14,1140714
8,1,1,21,"Mikrotik - P6 - R229",192.168.229.253,P6,,,public,2,,,,,,,,161,1000,"RouterOS RB1100Dx4",iso.3.6.1.4.1.14988.1,1266680700,R229-BEK,R-229-P6,BEKASI,3,1,23,400,3,10,5,2,,,on,,0,0,0,server,1,0,0,3,0,"2026-06-24 22:22:04","2026-06-18 02:51:01","ICMP: Ping timed out",0.00000,116.21499,0.70596,0.93882,1.053,388417,261,99.93280,"2026-07-01 07:42:03",42,28,1140720
7,1,1,21,"Mikrotik - P6 - R232-L3",192.168.232.253,P6-L3,,,public,2,,,,,,,,161,1000,"RouterOS RB3011UiAS",iso.3.6.1.4.1.14988.1,55203300,"R-232-KAG-P6 LT3",R-232-P6,"PANGKALAN-6 BEKASI",2,1,23,400,3,10,15,1,,,on,,0,0,0,server,1,0,0,3,0,"2026-06-24 22:22:07","2026-06-18 06:34:03","Device did not respond to SNMP",0.50807,2006.10304,4.69708,4.87837,1.13,388415,376,99.90320,"2026-07-01 07:42:02",37,26,1127338
10,1,1,21,"Mikrotik - P6-2 - R227",192.168.227.253,P6-2,,,public,2,,,,,,,,161,1000,"RouterOS RB1100x4",iso.3.6.1.4.1.14988.1,1061020100,"R-227 PH2 P6",R-227-P6F2,"PANGKALAN 6 BEKASI",3,1,23,400,3,10,15,1,,,on,,0,0,0,server,1,0,0,3,0,"2026-06-24 22:22:06","2026-06-18 02:51:02","ICMP: Ping timed out",0.00000,164.92105,0.50616,1.09275,13.934,388410,251,99.93540,"2026-07-01 07:42:17",31,22,1140719
18,1,1,17,"Mikrotik - Palembang - R204",192.168.204.253,PALEMBANG,,,public,1,,,,,,,,161,1000,"RouterOS RB4011iGS+",iso.3.6.1.4.1.14988.1,7178000,KAG-DEPOT-PALEMBANG,"R.204 PALEMBANG","KAG PALEMBANG",2,1,23,400,3,10,20,1,,,on,,0,0,0,server,1,0,0,3,0,"2026-06-30 16:20:16","2026-06-30 16:04:25","Device did not respond to SNMP",9.99999,3417.28282,34.40118,78.83104,0.625,388001,12065,96.89050,"2026-07-01 07:42:28",17,12,56316
36,1,1,17,"Mikrotik - Palu - R211",192.168.211.253,PALU,,,public,2,,,,,,,,161,1000,"RouterOS RB4011iGS+",iso.3.6.1.4.1.14988.1,380166600,R-211-PALU,"R-211 PALU RELOKASI ROUTER","PALU SULAWESI",3,1,23,400,3,10,15,1,,,on,,0,0,0,server,1,0,0,3,0,"2026-07-01 04:09:05","2026-07-01 03:46:03","ICMP: Ping timed out",0.00000,396.72899,37.82821,44.69682,2.144,388361,11581,97.01800,"2026-07-01 07:42:04",23,16,14218
19,1,1,17,"Mikrotik - Pekanbaru - R202",192.168.202.253,PEKANBARU,,,public,2,,,,,,,,161,1000,"RouterOS RB4011iGS+",iso.3.6.1.4.1.14988.1,3012600,"R-202-Pekan Baru","R-202 FR_PEKANBARU","PEKAN BARU KAG",2,1,23,400,3,10,15,1,,,on,,0,0,0,server,1,0,0,3,0,"2026-06-30 23:16:06","2026-07-01 00:37:02","Device did not respond to SNMP",9.99999,3551.92995,24.85800,47.36088,2.411,388373,14904,96.16250,"2026-07-01 07:42:07",25,18,25559
35,1,1,17,"Mikrotik - Pontianak - R207",192.168.207.253,PONTIANAK,,,public,2,,,,,,,,161,1000,"RouterOS RBD53iG-5HacD2HnD",iso.3.6.1.4.1.14988.1,1387500,DEPOT-PONTIANAK,"R.207 PONTIANAK",PONTIANAK,4,1,23,400,3,10,1,1,,,on,,0,0,0,server,1,0,0,3,0,"0000-00-00 00:00:00","0000-00-00 00:00:00",,0.00000,395.92004,13.97014,23.06665,1.558,388361,0,100.00000,"2026-07-01 07:42:04",22,17,23301660
17,1,8,17,"Mikrotik - Semarang - R205",192.168.205.253,SEMARANG,"  182.253.143.197",,public,2,,,,,,,,161,1000,"RouterOS RB4011iGS+",iso.3.6.1.4.1.14988.1,121265300,"R-205-DEPOT SEMARANG","R.205 SEMARANG",,4,1,23,400,3,10,15,1,,,on,,0,0,0,server,1,0,0,3,0,"2025-11-12 03:33:06","2025-11-12 07:58:02","Device did not respond to SNMP",0.00000,3020.41912,24.91713,18.37695,20.116,388345,743,99.80870,"2026-07-01 07:42:27",20,15,19957499
55,1,1,21,"Mikrotik - Semarang- Switch Core",192.197.53.2,BALIKPAPAN,,,public,0,,,,,,,,161,1000,,,0,,,,3,1,23,400,3,10,25,2,,,on,,0,0,0,server,1,0,0,3,0,"2026-06-30 16:20:04","2026-06-30 16:24:03","ICMP: Ping timed out",0.02694,399.84798,26.08609,18.35660,0.262,382015,10812,97.16970,"2026-07-01 07:42:02",29,29,55138
11,1,1,17,"Mikrotik - Surabaya - Krian - R223",36.66.210.205,SBY-KRIAN,"Mikrotik surabaya krian  private ip: 192.168.223.253  ASTINET: 36.66.210.205",,public,2,,,,,,,,161,1000,"RouterOS RB1100x4",iso.3.6.1.4.1.14988.1,54819700,R-223-KRIAN,ROUTER-223-SBY-KRIAN,KRIAN-SURABAYA,3,1,23,1000,5,10,20,1,,on,on,,0,0,0,server,1,0,0,1,22427,"2026-05-17 12:59:19","2026-05-10 02:25:11","ICMP: Ping timed out",0.00000,4001.69992,14.82582,67.77067,6.048,349243,35845,89.73640,"2026-06-02 02:46:39",11,11,1345620
81,1,1,17,"Mikrotik - Surabaya - Krian - R223 - Linknet",139.255.87.138,SBY-KRIAN,"Linknet Surabaya Krian  192.168.223.253 (R223)  Linknet: 139.255.87.138",,public,1,,,,,,,,161,1000,,,0,,,,3,1,23,400,1,10,10,1,,,on,,0,0,0,server,1,0,0,3,0,"2026-07-01 07:09:03","2026-06-25 08:10:03","ICMP: Ping timed out",0.04697,389.32300,32.62615,18.44214,8.058,148435,6584,95.56440,"2026-07-01 07:42:11",12,19,516778
5,1,1,17,"Mikrotik - Surabaya - Tambaksawah - R242",192.168.242.253,,,,public,2,,,,,,,,161,1000,"RouterOS RB1100x4",iso.3.6.1.4.1.14988.1,214884200,R-242-KAG-TAMBAK-SAWAH,"R-242-SBY-TAMBAK SAWAH","SURABAYA-TAMBAK SAWAH",3,1,23,400,3,10,15,1,,,on,,0,0,0,server,1,0,0,3,0,"2026-07-01 07:36:05","2026-06-30 16:02:03","ICMP: Ping timed out",0.00000,3746.87314,35.29906,52.31811,15.086,388408,15236,96.07730,"2026-07-01 07:42:17",32,25,56458
40,1,1,21,"MIKROTIK PUBLIC IP MAKASSAR",36.95.240.123,MAKASSAR,,,public,2,,,,,,,,161,1000,"RouterOS RB3011UiAS",iso.3.6.1.4.1.14988.1,1131900,R-239,R-239-MAKASSAR,MAKASSAR,3,1,23,400,3,10,10,1,,on,on,,0,0,0,server,1,0,0,0,0,"0000-00-00 00:00:00","0000-00-00 00:00:00",,0.00000,397.03584,0.00000,37.85881,4.533,248770,0,100.00000,"2026-03-25 15:39:25",29,29,14926200
51,1,4,0,MTC-DISTRIBUSI-7_10-BPP,192.192.1.21,BALIKPAPAN,,,public,0,,,,,,,,161,1000,,,0,,,,3,1,23,1000,2,10,0,1,,,on,,0,0,0,server,1,0,0,3,0,"2026-07-01 05:24:13","2026-07-01 03:08:06","ICMP: Ping timed out",0.03195,943.87889,48.74802,58.80181,0.086,383702,14692,96.17100,"2026-07-01 07:42:07",,,16495
56,1,5,17,"P5 - REMALA - 101.255.56.181",101.255.56.181,P5,,,public,0,,,,,,,,161,1000,,,0,,,,3,1,23,400,3,10,10,1,,,on,,0,0,0,server,1,0,0,1,2,"2026-07-01 07:41:03","2026-07-01 07:11:03","ICMP: Ping timed out",0.03481,391.10398,10.32209,3.75525,0.502,381599,5228,98.63000,"2026-07-01 07:42:03",12,19,120
83,1,1,0,"P5 Server Gate",192.168.222.69,P5-L2-R.SERVER,,,public,0,,,,,,,,161,1000,,,0,,,,3,1,23,400,1,10,0,1,,,on,,0,0,0,server,1,0,0,3,0,"2026-06-25 00:18:03","2026-05-24 06:30:02","ICMP: Ping timed out",0.04101,64.85987,0.92888,0.95177,0.151,69425,2127,96.93630,"2026-07-01 07:42:03",2,2,3287579
85,1,1,0,"R. CCTV - NVR 4",192.192.212.2,P12,,,public,0,,,,,,,,161,1000,,,0,,,,3,1,23,400,1,10,0,1,,,on,,0,0,0,server,1,0,0,3,0,"2026-06-30 09:35:08","2026-06-30 09:49:06","ICMP: Ping timed out",0.04601,21.91401,0.59700,1.47832,0.057,24382,47,99.80720,"2026-07-01 07:42:07",,,78835
86,1,1,24,"R225 - P5 MKA",192.168.225.1,P5,,,P5,1,,,,,,,,161,1000,"RouterOS RB1100AHx2",iso.3.6.1.4.1.14988.1,139094800,it@kamanggala.com,"PT. Manggala Kiat Ananda P5",Bantargebang,1,1,23,400,1,10,1,2,,,on,,0,0,0,server,1,0,0,3,0,"2026-06-26 18:46:03","0000-00-00 00:00:00","SNMP not performed due to setting or ping result, ICMP: Ping timed out",0.68450,593.58490,15.55848,27.70658,0.538,10328,1,99.99030,"2026-07-01 07:42:03",16,23,619680
84,1,1,17,"SBY - KRIAN (ASTINET - REG)",36.88.23.162,,,,public,2,,,,,,,,161,1000,,,0,,,,3,1,23,400,3,10,20,1,,,on,,0,0,0,server,1,0,0,3,0,"2026-07-01 07:35:03","2026-07-01 02:25:02","ICMP: Ping timed out",0.12708,389.19878,31.92997,21.74589,0.33,61457,706,98.85120,"2026-07-01 07:42:03",21,21,19079
75,1,1,17,"SBY - KRIAN (ASTINET)",36.66.210.205,,,,public,2,,,,,,,,161,1000,"RouterOS RB1100x4",iso.3.6.1.4.1.14988.1,301868500,R-223-KRIAN,ROUTER-223-SBY-KRIAN,KRIAN-SURABAYA,3,1,23,400,3,10,5,1,,on,,,0,0,0,server,1,0,0,0,136,"2026-05-17 12:59:05","2026-05-10 02:25:05","ICMP: Ping timed out",0.00000,343.26792,15.12599,28.36325,1.672,269507,4873,98.19190,"2026-05-17 15:14:52",3,3,4511876
57,1,1,0,"Sw_Core Palu",192.197.67.2,PALU,,,public,2,,,,,,,,161,1000,,,0,,,,3,1,23,400,3,10,0,1,,,on,,0,0,0,server,1,0,0,3,0,"2026-07-01 06:24:08","2026-06-30 23:38:05","ICMP: Ping timed out",0.03695,395.33710,38.92803,50.44480,0.051,381372,56103,85.28920,"2026-07-01 07:42:07",,,29096
70,1,1,0,"Ubiquiti AP U6 - Semarang - ADM",192.193.205.253,SEMARANG,,,public,0,,,,,,,,161,1000,,,0,,,,3,1,23,1000,3,10,0,1,,,on,,0,0,0,server,1,0,0,3,0,"2026-07-01 04:33:08","2026-06-30 16:24:08","ICMP: Ping timed out",0.03004,698.60601,0.21410,17.00812,0.106,351231,13635,96.11790,"2026-07-01 07:42:07",,,55133
69,1,8,0,"Ubiquiti AP U6 - Semarang - ANTE",192.193.205.244,SEMARANG,,,public,0,,,,,,,,161,1000,,,0,,,,3,1,23,1000,3,10,0,1,,,on,,0,0,0,server,1,0,0,3,0,"2026-06-30 16:48:06","2026-06-30 16:27:06","ICMP: Ping timed out",0.03505,377.65598,25.88105,16.99291,0.064,351233,12905,96.32580,"2026-07-01 07:42:07",,,54955
63,1,8,0,"Ubiquiti AP U6 - Semarang - ANTE1-B",192.193.205.15,SEMARANG,"Ubiquiti Access point U6 in Semarang",,public,0,,,,,,,,161,1000,,,0,,,,3,1,23,1000,2,10,0,1,,,on,,0,0,0,server,1,0,0,3,0,"2026-06-30 16:20:07","2026-06-30 16:24:03","ICMP: Ping timed out",0.03600,874.53103,25.84481,17.10990,0.796,351251,13021,96.29300,"2026-07-01 07:42:04",1,1,55138
65,1,8,0,"Ubiquiti AP U6 - Semarang - CHILLER2",192.193.205.81,SEMARANG,,,public,0,,,,,,,,161,1000,,,0,,,,3,1,23,1000,3,10,0,1,,on,on,,0,0,0,server,1,0,0,0,128770,"2026-03-03 15:42:09","2026-03-03 15:08:06","ICMP: Ping timed out",0.03386,889.57691,64.51106,18.42491,1.12,312084,197618,36.67790,"2026-06-02 02:58:07",,,10341295
66,1,8,0,"Ubiquiti AP U6 - Semarang - CS1-A",192.193.205.86,SEMARANG,,,public,0,,,,,,,,161,1000,,,0,,,,3,1,23,1000,2,10,0,1,,,on,,0,0,0,server,1,0,0,3,0,"2026-07-01 05:07:08","2026-06-30 16:24:08","ICMP: Ping timed out",0.03099,948.62795,26.08585,16.88509,0.063,351229,15936,95.46280,"2026-07-01 07:42:06",,,55133
64,1,8,0,"Ubiquiti AP U6 - Semarang - CS1-B",192.193.205.79,SEMARANG,,,public,0,,,,,,,,161,1000,,,0,,,,3,1,23,1000,3,10,0,1,,on,on,,0,0,0,server,1,0,0,0,120532,"2026-03-09 09:00:14","2026-03-09 06:28:08","ICMP: Ping timed out",0.03481,878.85785,143.05186,17.39394,1.24,312076,217582,30.27920,"2026-06-02 02:58:07",,,9854093
67,1,8,0,"Ubiquiti AP U6 - Semarang - CS3-B",192.193.205.90,SEMARANG,,,public,0,,,,,,,,161,1000,,,0,,,,3,1,23,1000,3,10,0,1,,on,on,,0,0,0,server,1,0,0,0,1,"2026-06-02 02:55:10","2026-06-02 02:58:06","ICMP: Ping timed out",0.05102,997.91598,142.54308,165.19231,0.25,312085,297598,4.64200,"2026-06-02 02:58:38",,,2522695
68,1,8,0,"Ubiquiti AP U6 - Semarang - OFFICE-LT2-A",192.193.205.181,SEMARANG,,,public,0,,,,,,,,161,1000,,,0,,,,3,1,23,1000,2,10,0,1,,,on,,0,0,0,server,1,0,0,3,0,"2026-06-30 16:20:14","2026-06-30 16:24:08","ICMP: Ping timed out",0.04482,262.05301,26.20602,16.73529,0.104,351234,14305,95.92720,"2026-07-01 07:42:07",,,55133
62,1,1,0,"Ubiquiti AP U6 - Semarang - OFFICE-LT2-B",192.193.205.13,,"Ubiquiti Access point U6 in Semarang",,public,0,,,,,,,,161,1000,,,0,,,,3,1,23,1000,3,10,0,1,,on,on,,0,0,0,server,1,0,0,0,3642,"2026-05-30 14:17:13","2026-05-30 14:10:05","ICMP: Ping timed out",0.03982,998.57497,174.37410,90.04247,1.798,312074,279549,10.42220,"2026-06-02 02:58:38",,,2741576
61,1,8,0,"Ubiquiti AP U6 - Semarang - OFFICE-LT3",192.193.205.5,SEMARANG,"Ubiquiti Access point U6 in Semarang",,public,0,,,,,,,,161,1000,,,0,,,,3,1,23,1000,3,10,0,1,,on,on,,0,0,0,server,1,0,0,0,9415,"2026-05-26 14:04:08","2026-05-26 13:54:04","ICMP: Ping timed out",0.00000,997.61701,149.85085,74.48231,1.964,312071,278901,10.62900,"2026-06-02 02:58:38",,,3088137
74,1,1,0,"VITAL - 192.168.220.6",192.168.220.6,,,,public,0,,,,,,,,161,1000,,,0,,,,3,1,23,400,3,10,0,1,,,on,,0,0,0,server,1,0,0,3,0,"2026-06-30 17:07:04","2026-06-30 17:09:03","ICMP: Ping timed out",0.03386,328.51505,5.26094,5.47858,0.879,336424,601,99.82140,"2026-07-01 07:42:04",1,1,52438
77,1,1,0,"WEB - gp.kiatananda.com",138.91.35.99,,,,public,0,,,,,,,,161,1000,,,0,,,,3,1,23,400,3,10,0,1,,,on,,0,0,0,server,1,0,0,3,0,"2026-07-01 06:55:05","2026-06-30 04:18:05","ICMP: Ping timed out",0.03195,394.89102,20.11395,16.73540,1.692,326221,3420,98.95160,"2026-07-01 07:42:05",1,1,98696
73,1,1,0,"web - kacustomercare.com",kacustomercare.com,,,,public,0,,,,,,,,161,1000,,,0,,,,3,1,23,400,3,10,0,1,,,on,,0,0,0,server,1,0,0,3,0,"2026-07-01 02:20:07","2026-06-30 13:21:04","ICMP: Ping timed out",0.02098,393.57591,2.76494,1.86149,1.071,336779,1493,99.55670,"2026-07-01 07:42:04",1,1,66117
72,1,1,0,"web - kiatapp.kiatananda.com",kiatapp.kiatananda.com,,,,public,0,,,,,,,,161,1000,,,0,,,,3,3,443,400,3,10,0,1,,,on,,0,0,0,server,1,0,0,3,0,"2026-07-01 06:53:04","2026-06-30 14:07:03","TCP: Cannot connect to host",0.00000,5059.07393,42.27400,17.21428,2.166,336814,4024,98.80530,"2026-07-01 07:42:07",1,1,63358
71,1,5,0,"web - smart.kacoldstorage.com",smart.kacoldstorage.com,P5,,,public,0,,,,,,,,161,1000,,,0,,,,3,1,23,400,3,10,0,1,,,on,,0,0,0,server,1,0,0,3,0,"2026-06-30 18:53:04","2026-06-30 13:50:04","ICMP: Ping timed out",0.02813,396.23404,2.30289,1.56833,2.36,336833,1262,99.62530,"2026-07-01 07:42:06",1,1,64377
